{
  "project_info": {
    "project_number": "487908652995",
    "project_id": "kotlininsta-fe3c4",
    "storage_bucket": "kotlininsta-fe3c4.appspot.com"
  },
  "client": [
    {
      "client_info": {
        "mobilesdk_app_id": "1:487908652995:android:c31fcc7293f5038c626f76",
        "android_client_info": {
          "package_name": "com.tolganacar.kotlininstaclone"
        }
      },
      "oauth_client": [
        {
          "client_id": "487908652995-dvui3e3urdhg7smmfkc40n30raevq5vt.apps.googleusercontent.com",
          "client_type": 3
        }
      ],
      "api_key": [
        {
          "current_key": "AIzaSyD3MhEakvpK2cC0A8SvYs6kU_yCO7gXUZI"
        }
      ],
      "services": {
        "appinvite_service": {
          "other_platform_oauth_client": [
            {
              "client_id": "487908652995-dvui3e3urdhg7smmfkc40n30raevq5vt.apps.googleusercontent.com",
              "client_type": 3
            }
          ]
        }
      }
    }
  ],
  "configuration_version": "1"
}